title,responsibility,requirement
资深游戏客户端开发工程师,"1.负责高品质开放世界游戏的开发；
2.负责游戏核心系统及工具开发，包括角色、武器、战斗、技能、AI、载具、关卡、底层及工具等；
3.负责游戏玩法需求的技术可行性评估，技术方案的设计和实现。","1.5年以上游戏客户端开发经验，至少深度参与过一款游戏项目；
2.精通C++，熟练掌握数据结构、算法，注重编码质量和性能；
3.具备良好的问题分析和解决能力，能深入解决疑难技术问题；
4.熟练掌握底层架构、资源管理、数据驱动、导航、网络、动画、物理、脚本等相关知识；
5.责任心强，有较高的团队协作和任务跟进能力，善于沟通，使命必达；
6.热爱游戏，关注用户体验，有Geek精神，懂得以螺旋上升的方式追求极致；
7.有3A游戏开发经验者优先。"
最强NBA-Unity核心玩法开发工程师,"1.负责新项目游戏客户端核心系统和核心玩法开发；
2.负责游戏的性能优化和支持；
3.负责协助策划美术制定完善的实现方案，并且高质量实现功能；
4.负责日常的Bug修复维护，保证游戏的高质量。","1.4年以上游戏客户端开发经验；
2.熟悉常用的算法、数据结构、设计模式，具备计算机图形学基础知识；
3.能够坚持编写高质量、高效率的代码，对代码整洁度、代码规范有自我要求；
4.游戏框架、网络同步、角色动画、游戏AI、性能优化、资源更新等领域至少一个有较为深刻的认识；
5.能够独立负责完成一个游戏的功能模块，能保证模块的稳定性和性能；
6.具备游戏性能分析以及优化的能力，知道如何定位性能瓶颈、内存泄露等问题。"
微信支付大数据平台开发工程师,"1.基于海量的微信支付用户、商户、交易和行为数据，业界开源的主流技术栈以及我们自研的大数据技术相结合，构建金融级的大数据平台，提供金融级数据安全保障和质量保障，为数据开发者提供工业化的数据平台服务，建立元数据管理、血缘关系、计算任务和计算资源的动态管控、全方位的数据安全风险控制，为数据分析、智慧推荐、金融风控等业务提供数据平台支撑；
2.微信支付一站式金融大数据平台开发，包括面向技术、产品、运营同学的工具建设以及数据治理平台建设。","1.本科及以上学历，计算机相关专业，5年以上开发经验。主导过中大型项目的后端架构设计及研发实现，具有较强的业务理解及技术架构能力；
2.具备全栈开发能力，熟练掌握至少2种编程语言(如 java , python ,go ,C++、Sca熟悉大数据开源产品的架构和技术原理，具备Spark、Hadoop、Flink等平台的开发和使用经验；
3.熟悉大数据开源产品的架构和技术原理，具备Spark、Hadoop、Flink等平台的开发和使用经验；
4.有大数据平台建设经验、金融项目经验、组件开源社区贡献、机器学习平台建设项目经验者优先；
5.具备良好的沟通协同能力和解决问题分析能力，质量安全意识高。"
信用卡业务前端工程师,"1.参与腾讯信用卡业务前端开发（H小程序、Node 等） ，保障业务高效、高质发展；
2.参与前端技术体系建设，建立规范、建设工具、提炼框架和组件、推进工程化，持续提升团队的研发效率和质量；
3.参与对现有系统进行架构优化，技术升级，研发流程改进，保持与业务的同步发展，并处于行业技术前列；
4.深入理解业务特性，关注技术进步和科技赋能，将技术和信用卡业务结合，让每一个人乐享金融的美好。","1.3年以上前端相关工作经验；
2.精通前端基础技术，一贯坚持编写易读、易维护、高质量、高效率的前端代码；
3.精通业界主流前端框架（不限React、Vue、Angular等），并对其底层实现原理有研究；
4.具备较强的系统设计能力和工程化能力，能结合复杂的业务场景和问题，通过优秀的分析问题和解决问题能力，将解决方案进行有力落地；
5.对前端样式可以精准实现设计还原，对用户可用性、用户体验等相关知识有深入了解和实践经验；
6.心态开放、自驱力强，对技术敏感、对前沿技术有跟踪，具备优秀的团队沟通、协作能力；
7.有node、小程序、云开发经验者优先；
8.有主导知名 Oteam 项目或大型复杂前端项目经验者优先。"
跨境支付后台高级开发工程师,"1.负责跨境支付的贷款业务或理财业务的功能建设；
2.负责跨境支付的汇款业务的维护和迭代建设。","1.3年以上linux后台开发经验；编程基本功扎实，精通Java开发，如同时熟悉C++者优先；
2.代码风格良好，熟悉面向对象程序设计，熟悉常见的设计模式；
3.对MySQL和KV存储有一定的应用实践经验，了解分布式事务技术，了解业界常见高一致性的解决方案；
4.思路严谨，具备良好的分析解决问题能力，能独立承担任务；
5.有良好的沟通协作能力、抗压能力，有强烈的主人翁意识推进项目进展；
6.具备贷款业务或增值业务的高度有限，有机会主导业务演进。"
腾讯云计费产品资深前端开发工程师,"1.负责腾讯云计费平台前端架构与业务开发；
2.负责工具、框架建设、性能优化，追求更高的质量、性能和研发效率；
3.负责项目技术难题攻关和新技术预研；
4.具体工作涉及但不限于前端界面、小程序开发、高可用高性能接口、云开发、组件库相关技术。","1.熟练掌握（精通更好）HTML5/ES6/CSS3/TS/Webpack 等Web开发技能，熟悉React或Vue等开发框架；
2.具有node开发经验有加分；具有小程序开发经验有加分；
3.对Web标准有良好认识，能够高保真还原设计稿，兼容各种浏览器；
4.具有良好的编程思想和编码习惯；
5.具有很强的学习能力和技术敏感度，有强烈的责任心和进取心，乐于学习和技术分享，抗压能力强；
6.备注：通过腾讯云从业资格证或同等资格认证的优先录取；此岗位为腾讯集团旗下子公司编制。"
金融科技高级测试开发工程师,"1.负责产品线测试全流程，深入理解业务和系统架构，参与重大产品需求和架构设计评审，关注需求和系统的可测性和设计的合理性，识别相关风险，对支付平台的后台架构、业务及代码层面深入的专项分析及优化；
2.参与自动化用例的编写，结合业务主导性能、安全、异常等专项能力和金融业务测试工具平台的研发建设，不断提升专业度和深入度 ；
3.预研新技术，持续探索并落地行业先进的测试技术和理念，在实际工作中运用创新方法和工具帮助团队提升效能。","1.本科及以上学历，计算机或相关专业毕业，3年以上工作经验 ；
2.熟习日常测试工具和测试框架的应用，深刻理解测试各项技术，精通各种后台测试方法 ；
3.精通python，熟悉C++/Java/nodejs/golang至少一种语言者或熟悉前端设计者优先 ；
4.具备支付、互联网金融科技等业务领域测试经验者优先 ；
5.有主导工具平台及框架开发的实践经验者优先 ；
6.具有强烈的责任感和大局观，良好的沟通、表达和协作能力 ；
7.具备创新性思维、主动学习、技术钻研及落地能力 。"
Java研发专家,"1.引领Java开发体系的建设，扩大Java在部门内部的使用范围；
2.对Java的技术进行跟进研究，尤其是在新技术应用、性能优化、微服务、云原生等方面；
3.承担业务框架、业务组件、业务公共库等Java生态的建设；
4.承担Java项目技术攻关、技术重构、问题定位等工作；
5.参与系统架构选型与优化等关键方案的决策；
6.负责指导新同学成长。","1.对Java底层的标准库，如JavaIO、多线程、网络等方面有过深入研究；
2.熟悉java常见生态组件及设计原理，如dubbo，netty,springboot，mybatis等；
3.对linux等操作系统原理比较熟悉，如文件系统、锁机制、网络编程等，对jvm的原理和实现；有深入了解，对疑难技术问题具备较强的排查能力；
4.熟悉分布式系统的设计和应用，理解分布式、缓存、消息等机制；
5.熟悉Linux系统，熟悉TCP/IP等相关的网络协议；
6.熟练掌握服务性能分析与优化技能和工具；
7.有中间件开发经验或开源代码贡献者优先。"
信用卡业务—golang开发工程师,"1.负责信用卡业务平台相关系统建设与开发；负责信用卡还款、账单等后台相关系统的开发；
2.参与模块设计开发,业务逻辑开发,银行接入等工作；参与相关子系统及业务流程优化重构,研发过程优化工作；
3.参与Trpcgo框架升级工作。","1.编程基本功扎实,三年以上golang语言开发经验；
2.熟悉Unix/Linux环境和系统编程，熟悉服务器编程模型，三年以上linux服务器端软件开发经验；
3.熟悉mysql数据库及相关编程；
4.掌握TCP/IP协议相关知识及网络编程；
5.善于沟通及主动思考总结,倡导创新与持续优化,思路周密，代码严谨，对待技术有强烈兴趣；
6.有良好的团队合作及抗压能力,有强烈的主人翁意识推进事务进展。"
云智能商业化中心产品架构师（金融/泛互/工业/运营商）(上海/深圳/北京),"1.负责金融或泛互联网或海外等行业研究，基于腾讯云智能的AI技术分析行业及客户痛点；
2.结合客户需求制定相应的AI行业解决方案，对接行业KA支持项目售前工作，完成收入目标；
3.面向行业KA和渠道合作伙伴，拓展有效商机，支持售前方案架构和技术咨询；
4.结合最新的AI技术，挖掘市场需求，打造具有竞争力的解决方案，形成行业标杆；
5.负责将客户需求转化为产品功能，推动产品团队优化产品功能。","1.熟悉金融或泛互联网行业的业务特点，或具备AI出海相关项目经验；
2.熟悉IT战略及应用架构，具有丰富的行业咨询经验；
3.本科或以上学历，3年以上AI产品相关或售前支持和解决方案工作经验；
4.需求理解和沟通能力强，与相关方建立良好合作关系，具有主动开拓精神，抗压能力强。"
SaaS售前解决方案架构师,"1.负责数据连接器/轻联、腾讯电子签、微卡、乐享等产品的商业化策略制定；
2.负责所负责行业的项目售前工作并对数字结果负责；
3.负责渠道伙伴的挖掘及赋能工作；
4.挖掘数据连接器/轻联、腾讯电子签、微卡、乐享等产品的客户使用场景，并规划产品能力。；
5.主动维护客户，包括方案触达、咨询跟进、问题处理、培训提升等支持服务，推动客户续约与增购；
6.建立稳固的客户关系，及时收集客户的产品需求，反馈产品团队。","1.本科或以上学历；
2.三年以上面向企业信息化领域的服务经验，能独立完成客户场景化方案设计及项目售前工作；
3.熟悉企业常见的业务职能、管理模式以及相关的信息化应用 ；
4.有较强的协调能力与商业思维，可以敏锐识别潜在商机并促使其转化为具体生意 ；
5.良好的客户服务意识，工作认真、严谨，责任心强，具有高度的敬业精神和团队协作意识。"
《元梦之星》资深游戏客户端开发,"1.负责游戏的逻辑功能及模块开发；
2.游戏相关引擎功能的修改和扩展，及游戏相关工具链的开发；
3.持续优化性能、需求表现和兼容性；
4.与游戏服务器，运营，平台等功能模块做开发对接联调。","1.本科及以上学历，5年以上游戏相关工作经验；
2.熟练掌握C++和C#语言中至少其中一种，掌握lua/ts等至少一种脚本语言及其运行时机制；
3.具备良好的算法和数据结构基础知识；
4.在图形学、网络同步、UI框架、Gameplay、工具链等某个游戏相关领域有一定深入的了解和积累；
5.熟悉Unity，UE4等至少一种3D引擎，熟练掌握UE4优先；
6.具有良好的团队合作精神，自我驱动力；
7.具有出色的学习和技术攻坚能力。"
微信视频号推荐后台开发工程师,"1.负责视频号推荐的产品和算法需求，包括线上推荐策略开发、模型特征开发、数据与画像开发等工作；
2.负责视频号推荐后台的架构优化，降低请求延迟和计算成本，提升推荐效果；
3.负责视频号推荐后台组件的开发，支持短视频推荐、直播推荐、红点推荐、订阅号场景视频推荐等业务。","1.计算机相关专业本科及以上学历，2年以上开发工作经验；
2.熟悉 Linux 开发环境，熟练掌握一门编程语言（C/C++等），熟悉数据结构与算法，擅长用编程解决问题，熟练掌握至少一门脚本语言（shell/python等）；
3.熟悉深度学习相关框架如tensorflow、caffe、pytorch，有底层框架优化且开源经验优先；
4.具备扎实数学/算法功底，对机器学习、概率统计等算法原理有所了解者优先；
5.有搜索/广告/推荐场景优化主流深度学习框架（如tensorflow）经验者优先；
6.有推荐/搜索/广告系统服务架构研发经验者优先；有类ACM/ICPC算法竞赛背景者优先；
7.具备海量数据处理和并行计算开发经验者优先。"
《元梦之星》资深游戏客户端开发,"1.负责手游客户端各系统功能及核心模块开发；
2.基于Unreal4或Unity3D，和策划美术配合，新建、扩展编辑器等相关工具；
3.和服务器研发配合，设计实现各特性模块；持续优化产品性能、兼容性；
4.完善并持续优化工具链。","1.本科及以上学历，计算机相关专业；
2.三年以上游戏开发经验，熟练掌握C++技术，熟悉UE、Unity引擎；
3.具备优秀的学习能力，团队合作精神和自我驱动力；
4.工作态度严谨，有良好的沟通能力，团队协作精神，有责任心、上进心；
5.良好的团队协作能力与敬业精神, 善于沟通； 热爱游戏，对技术领域有持续的追求与激情。"
腾讯安全风控模型专家,"1. 基于海量数据，挖掘并整合风险画像特征，运用逻辑回归、决策树、随机森林、xgboost、神经网络等算法进行数据建模并完成相关交付文档撰写；
2.能设计模型开发流程，评估模型有效性，并持续监控与优化模型；
3.团队内部沟通协作，确保项目执行和交付；与客户的沟通，深入理解客户需求，为客户讲解解决方案的细节、分析建模思路、方法、步骤等。","1.本科及以上学历，统计学、应用数学、金融类相关专业优先；
2.具备银行、消费金融、互联网金融行业数据分析、模型开发、风控策略应用经验者优先；
3.具备产品设计经验者优先；
4.能熟练使用SQL、R、Python、Tableau等分析以及可视化工具者优先；
5.能运用逻辑回归、决策树、随机森林、xgboost、神经网络等机器学习算法进行数据建模，了解常用数据算法者优先；
6.良好的沟通协调能力、团队合作能力、抗压能力。"
腾讯广告创意中心前端开发工程师,"1.负责广告投放创意相关的前端业务，以及相关的广告主提效工具的页面产品开发；
2.开发和维护高质量、可重用、可扩展的前端组件；并优化Web应用程序在各种设备和浏览器上的性能和响应速度。；
3.定期进行代码审核，确保代码质量和可维护性。；
4.及时解决前端问题，同时清晰地向合作团队同步进度。；
5.紧跟最新的前端开发趋势、技术和最佳实践。。","1.计算机科学、信息技术或相关领域的学士学位，或同等工作经验。；
2.6年前端Web开发经验。；
3.熟悉响应式Web设计原则、跨浏览器兼容性和可访问性最佳实践。；
4.出色的问题解决能力、注重细节，能独立工作或作为团队的一员。；
5.良好的口头和书面沟通能力。。"
知名IP动作手游-资深GamePlay客户端开发,"1.负责游戏客户端GamePlay方向的业务开发；
2.工作包括但不限于游戏玩法开发、工具链、战斗技能开发、性能优化等；
3.根据个人能力和喜好，可结合实际情况，做一定的偏好选择。","1.计算机相关专业，本科及以上学历；
2.有3年以上游戏客户端研发经验或2年以上UE4引擎开发经验，掌握UE的GamePlay框架和DS联网机制；
3.有优秀的软件工程功底与知识结构, 精通C/C++及常用脚本语言；
4.熟悉设计模式，数据结构和算法；
5.有丰富ACG阅历优先；
6.有渲染、性能优化特长优先；
7.参与过完整的UE手游项目优先。"
风控系统后台开发,"1.负责风控产品的后台sever服务及业务逻辑研发；负责AI模型服务研发，特征服务研发，标签服务研发等；
2.负责指标计算服务开发；
3.负责自动化模型平台开发及优化；
4.负责后台系统性能调优、监控系统开发，海量数据处理集群建设。","1.本科及以上学历，计算机相关专业，3年以上开发经验；
2.有一定的系统架构能力和良好的代码编写习惯，熟练掌握golang或者python；
3.责任感强、有较强的逻辑思维能力、沟通能力和抗压能力；
4.工作中能够做到灵活处理，不断打破思维框架，思考新方法。"
游戏运营风险分析,"1.负责腾讯游戏运营风险挖掘，通过用户行为、舆情信息、运营操作等多类数据进行分析，构建风险识别模型；
2.根据业务风险管理的需求，建立各类监控指标，保证风险及时预警。","1.本科及以上学历，5年以上相关工作经验；
2.掌握数据分析方法，深入理解常见机器学习算法，比如LR、SVM、XGBOOST、K-means等，有NLP经验者优先；
3.有一定的系统架构能力和良好的代码编写习惯，熟练掌握python；
4.责任感强、有较强的逻辑思维能力、沟通能力和抗压能力；
5.有游戏黑产对抗经验优先，有金融类风控经验者优先。"
在研FPS客户端开发工程师,"1.负责游戏客户端逻辑功能和核心模块的开发；
2.负责对UnrealEngine进行性能优化和支持；
3.负责美术、策划工具的开发。","1.三年及以上游戏开发经验，有主导核心模块的开发经验；
2.扎实的C++、Lua语言基础、数据结构及算法基础；
3.熟悉UnrealEngine引擎的接口与游戏制作流程；
4.有3D游戏性能分析和优化经验；
5.对游戏开发充满热情，能够与他人良好配合、协作。"
腾讯广告内容广告高级算法工程师,"1.负责流量收入，基于场景优化广告排序，提升流量变现效率；
2.结合预算机会，建设流量匹配方案，提高预算渗透。","1.热爱机器学习相关技术，深入理解LR、GBM、DNN等算法原理；
2.牢固掌握Python、C/C++语言，熟练使用TensorFlow、Spark等工具；
3.有广告、推荐、搜索相关实战经验，能合理应用前沿技术提升业务效果。"
游戏客户端Gameplay开发,"1.负责UE5 GamePlay功能开发与相关技术预研；
2.负责开放世界相关工具链研发及3A游戏工业化制作管线探索；
3.负责系统框架的搭建与维护；
4.主动研究并提出技术方案帮助解决Gameplay中的痛点问题，例如3C及打击感，GameAI，同步等；
5.开发内容包括但不限于玩法编辑器、游戏脚本、界面、动画、AI等。","1.熟练掌握C++，至少掌握一门脚本语言, 有一定框架设计能力；
2.熟悉3D游戏开发相关技术，熟悉UE4引擎底层原理；
3.有优秀的学习能力，善于沟通协作，热爱游戏事业；
4.对射击或者赛车游戏熟悉和热爱者优先；
5.至少精通物理、动画、网络同步或AI等游戏开发知识中的一个领域；
6.3C及复杂地形下的locomotion，解决过动作连贯性，场景对动作的反馈，镜头适配等相关问题。"
UE5多端全球化射击项目-UE客户端工程师,"1.负责开发游戏关卡玩法，角色技能；
2.能够设计出高效的玩法框架、可插拔的玩法系统；
3.可快速完成玩法开发迭代，持续优化玩法系统性能。","1.本科及以上学历，3年以上UE开发经验；
2.熟悉UE常用系统，如Gameplay框架，网络同步，UMG，AbilitySystem等；
3.具有UE工程优化能力，熟悉UE底层源码的优先；
4.具有一定的架构设计能力；
5.具有快速迭代的能力；
6.具有良好的学习和沟通能力。"
腾讯云账号与权限后台开发高级工程师,"1.参与腾讯云账号与权限业务需求评审以及业务逻辑开发和方案架构设计；
2.提升系统性能和改进服务质量，保证系统安全、稳定运行。","1.本科以上学历，3年以上互联网行业相关开发经验，熟练掌握Go，PHP或者C/C++中至少一种编程语言；
2.对数据结构和算法设计有较为深刻的认识和理解，对协程有深刻理解；
3.熟悉Unix/Linux系统，熟悉云原生相关技术，精通MySQL数据库开发，熟悉Redis等NoSql数据库。"
设计协作高级后台开发工程师,"1.负责设计、开发和维护后台服务，提供稳定、高性能的数据支持，参与处理实时协作、版本控制、权限管理等关键功能的后台实现；
2.解决大规模数据处理和存储的挑战，优化数据结构和查询性能，优化后台服务性能，确保高并发、低延迟的系统响应；
3.负责系统的稳定性、可扩展性和安全性，确保产品质量和用户体验，与前端开发团队紧密合作，确保前后端接口的顺畅对接；
4.跟踪行业技术动态，探索最新技术在产品中的应用。","1.计算机科学、软件工程或相关专业本科及以上学历，5年以上后台开发经验，熟悉至少一种编程语言，如Java、Go、NodeJS等；
2.熟悉常见的数据库技术，如MySQL、PostgreSQL、MongoDB等，熟悉分布式系统、微服务架构以及相关技术和工具；
3.对实时协作、大规模数据处理、高性能渲染等技术挑战有深入了解；
4.良好的沟通能力和团队协作精神，适应快速迭代的工作环境，对设计工具和在线协作平台有浓厚兴趣者优先。"
设计协作高级前端开发工程师(Canvas 渲染),"1.负责设计和实现高性能的图形渲染引擎，提供高质量的视觉效果；优化渲染性能，确保在不同设备和浏览器上的流畅体验；
2.开发和维护与渲染相关的前端组件和功能模块，探索和应用WebGL、Canvas等前沿渲染技术，提升产品竞争力；
3.与后台开发团队协作，确保数据在前端的高效处理和展示，跟踪行业技术动态，持续优化渲染技术栈。","1.计算机科学、软件工程或相关专业本科及以上学历数据可视化专业者优先，5年以上前端开发经验，具有丰富的渲染技术实践经验熟悉小程序底层能力者优先；
2.熟练掌握JavaScript、HTML5、CSS3等前端技术，熟悉WebGL、Canvas等图形渲染技术，具备优秀的性能优化能力有知名开源作品优先；
3.对图形学、渲染算法等相关领域有深入研究者优先了解 WebAssembly 优先；
4.良好的沟通能力和团队协作精神，适应快速迭代的工作环境，对设计工具和在线协作平台有浓厚兴趣者优先。"
腾讯乐享高级前端开发工程师,"1.负责腾讯乐享的前端设计、开发、重构和性能优化等工作；
2.持续优化前端性能，与交互设计师合作，不断提升用户体验；
3.跟进研发规范和技术体系建设，不断提升研发效率。","1.本科及以上学历，3年以上互联网/软件行业工作经验；
2.熟练掌握 HTML, CSS, TS & JS 相关基础知识，有主流的 web 端开发经验，至少熟练运用 Vue, React 等 MVVM 框架其中一种，了解基本原理（Vue 相关开发经验优先）；
3.有小程序开发、跨平台、低代码、全栈开发等经验优先，有协同类产品开发经验者优先；
4.有 Web 性能优化、Web 安全等方面的经验；
5.熟悉 HTTP 协议和 REST API 设计；
6.有良好的沟通能力，较强的学习能力，饱满的工作热情。"
《航海王》手游高级游戏客户端开发工程师,"1.负责游戏客户端框架设计与业务需求开发；
2.负责游戏开发相关工具链支持；
3.负责优化游戏客户端性能和体验调优。","1.本科或以上计算机科学相关专业，3年以上游戏开发经验；
2.熟悉C/C++，具备扎实的数学、数据结构和算法基础，熟悉常用设计模式；
3.熟悉3D游戏性能和内存优化；
4.熟悉Unity或UE4引擎开发框架；
5.具备较强的沟通能力、执行力和责任心，善于团队协作。"
腾讯视频CV算法工程师（3D转2D）,"1.负责计算机视觉、图形学领域核心技术在AIGC等相关方向的算法研发与产品化工作；
2.负责动漫作品中人物角色、动作、场景等视频化内容的自动生成工作，助力动漫行业生产工具链提速增效；
3.探索和推进有影响力的AIGC相关技术的算法研究和落地。","1.计算机视觉生成类相关方向，对图形学、人像生成、人体动作合成、视频动捕、动画渲染等方向有相关经验者优先；
2.熟练掌握Python/go/C++等编程语言，熟悉PyTorch等深度学习框架；
3.具备严谨清晰的逻辑思维能力，有良好的分析和沟通能力，对技术有极高的热情，自我驱动、追求卓越；
4.在CVPR/ICCV/ECCV/SIGGRAPH/SIGGRAPHAsia等计算机视觉/计算机图形学顶级会议上发表过高质量论文者优先。"
地图渲染开发工程师,"1.渲染引擎：使用opengl跨平台渲染引擎研发；
2.渲染平台：3D渲染引擎插件开发（UE蓝图、houdini可编程节点）；
3.模型：使用houdini进行自动化模型处理（模型simplygon、模型（地形、道路、建筑等）整合计算）；
4.通过渲染引擎还原技术美术设计效果, 协助美术完善并持续优化工具链。","1.热爱渲染技术，对3D游戏中的效果（光线、材质变换）感兴趣，有opengl经验优先；
2.责任心强，使命必达；
3.具备扎实的c、c++编程基础，算法基础；
4.注：此岗位为腾讯集团旗下 子公司编制岗位。"
《航海王》手游测试工程师,"1.负责动作类手游产品的测试工作，包括性能、自动化、代码质量等维度；
2.负责项目/模块的测试流程优化、测试效率优化、质量改进等；
3.负责项目/模块的测试计划排期和测试任务跟踪执行，及时提出风险项和确保所负责项目/模块的质量；
4.针对游戏业务测试中的盲区和难点提出新的测试方案，引入或开发新的测试方法和测试工具；
5.有测试管理或专项方案经验者尤佳。","1.熟悉iOS或Android平台的相关技术，具备移动终端平台应用或游戏的测试经验；
2.熟悉项目开发及测试流程，熟练掌握用例设计的各类方法和技巧；
3.熟悉至少一门脚本语言，有自动化或者其他测试辅助脚本的编写经验；
4.对服务器端性能、前台性能、协议、安全等至少一类专项测试有了解和应用经验；
5.能基于代码层面理解程序实现，进行测试设计、影响面分析和问题跟进者尤佳；
6.有优秀的执行力和抗压能力，热爱游戏测试，乐于主动反馈和积极思考。"
腾讯自选股高级数据科学工程师,1.为产品功能迭代、运营策略提供数据分析支持，并能针对产品和运营相关的业务问题，与产品、运营配合能够进行量化分析，把业务问题转换成数据或算法模型问题，并进行全链路解决方案的设计、开发与实现，以及效果衡量与跟踪。,"1.本科及以上学历，计算机科学、数据科学、统计学等相关专业，有5年及以上数据分析相关经验；
2.熟练掌握常用的数据分析方法（如相关性分析、归因分析、路径分析等）以及AB实验设计方法；
3.熟练使用Python/pySpark/Hive SQL；掌握机器学习/深度学习常用算法及其原理，以及算法评估方法；有机器学习平台、深度学习框架的使用经验；
4.有丰富的业务问题转换成数据或算法模型问题的经验，并取得实际业务效果；
5.敏锐的数据洞察力、严谨的逻辑思维能力和系统的分析总结能力，擅长从数据中分析出有价值的信息；
6.有证券业务数据分析经验者优先。"
腾讯广告微信广告数据开发工程师,"1.负责微信内流量场景广告的接入，广告产品形态能力迭代演进，广告转化链路优化，提升广告效果；
2.负责微信广告拉取播放系统的架构设计，系统优化，打造高并发高性能的播放系统；
3.负责微信广告数据能力建设，数据链路建设，用户行为数据分析，挖掘广告用户价值。","1.本科及以上学历，计算机或相关专业，热爱互联网和互联网相关技术；
2.3年以上相关工作经验，其中包括2年以上Unix/linux下Server开发经验，精通C/C++或GO语言中一种；
3.良好的学习能力、沟通能力、团队协作能力、及分析问题解决问题能力，责任心强，具备钻研精神；
4.具备高并发/海量服务设计经验优先，具备广告相关业务开发经验优先。"
二次元游戏项目-UE引擎开发,"1.负责UE5游戏项目引擎特性的设计及开发，编辑器扩展；
2.负责UE5游戏项目引擎的性能优化相关工作，达成项目的性能目标；
3.负责UE5游戏项目引擎在多平台的适配工作，确保项目的稳定运行；
4.参与美术/策划内容制作和铺设相关工具研发。","1.3年以上C++开发经验，具备良好的数据结构基础以及算法设计能力；
2.具有2年以上UE客户端开发经验；
3.熟练掌握UE蓝图的各种功能，了解UE的特性和工作原理；
4.在游戏AI/大世界程序化生成/角色动画/网络同步/逻辑框架/插件开发任一方向上有较好的技术积累；
5.良好的学习能力和沟通能力，高度的工作责任心和敬业精神，吃苦耐劳并能承受较大的工作压力；
6.有完整游戏项目经验直至上线者优先。"
代码质量高级工程师,"1.作为团队committer/技术骨干角色，负责团队完成代码审查、开发、编译和测试等工作；
2.有5年以上的软件开发经验，能坚持提升团队的软件开发能力。","1.计算机科学、电子信息技术或相关领域的本科及以上学历，在DevOps工具、软件工程、编译器、网络、数据库、操作系统、容器等领域有丰富的工作经验；
2.精通golang、C/C++、java、python其中一种语言，精通软件开发流程和规范，并深刻理解软件开发面临的核心问题；
3.熟悉软件工程，对好的代码有深刻的理解，对写出优秀的代码具有丰富的经验；
4.熟悉研发CICD流程，熟悉软件生命周期、开发工具、构建过程、版本控制、产品验证及所涉工具的使用；
5.熟悉开源开发模式，在开源社区担任3年以上committer优先；
6.熟悉虚拟化、分布式、k8s、IP网络基础知识及熟悉linux操作系统及其应用；
7.具有良好的沟通协作能力，工作积极主动。"
机器学习算法工程师,"1.提高营销产品的全链路转化率，结合大规模分布式训练，解决基础机器学习问题和进行特征工程优化，持续提升算法模型精准度、泛化能力和训练效率；
2.结合深度学习、计算广告、推荐系统等最新前沿研究成果，快速实现并落地应用于实际任务中，进而结合实际问题开展敏锐数据分析和迭代优化，提出创新性解决方案；
3.结合大模型先进技术，创新性地落地营销场景和推荐系统等场景。","1.本科及以上学历，优先：有专业背景的硕士和博士，发表过 KDD、AAAI、CIKM、WWW、RecSys、NeurlPS、ACL、 SIGIR等顶会论文优先；
2.扎实的数据结构和算法功底，代码能力强，熟练使用 C/C++/Python/Java/Scala 等编程语言，优先：有海量数据处理和分布式计算开发经验，熟悉 Spark、Flink 大数据计算框架；
3.有传统机器学习，深度学习相关知识背景，优先：有广告/推荐/搜索召回、排序等相关实践经验，熟悉 TensorFlow/PyTorch 框架；
4.工作态度积极主动，有强烈的主人翁意识和良好的团队协作精神，愿意接受有挑战性的工作；
5.具有优秀的学习能力，良好的逻辑思维能力，注重数据分析，能够从海量数据中发现有价值的规律；
6.有强烈的业务导向意识，技术优化服务于业务目标达成。"
《火影忍者》手游客户端开发(Gameplay),"1.负责游戏客户端GamePlay方向的业务开发；
2.工作包括但不限于游戏玩法开发、工具链、战斗技能开发、性能优化等；
3.与策划、美术、服务端程序紧密合作，完善游戏产品，打磨用户体验。","1.5年以上Unity3D的手游开发经验，熟练使用C#，C++，Lua等语言；
2.具备丰富的Dameplay性能优化经验，了解如何在不妥协玩法能力的基础上优化执行性能；
3.精通网络游戏常用的同步方案和优化方案，有过相关的工作经验；
4.良好的数学基础，逻辑思维和编程习惯，具备独立解决技术问题的能力；
5.有完整上线游戏产品开发经验者优先；
6.持续的学习能力，自驱力强，具有良好的对内、对外沟通协调能力，具备团队合作精神。"
腾讯地图Android开发工程师,"1.负责腾讯地图APP的功能开发、架构及性能优化；
2.根据产品及开发需求完成高质量的编码和测试工作，编写清晰的设计及接口文档；
3.积极推动所负责业务模块的性能优化及需求落地。","1.本科以上学历，计算机相关专业；
2.有扎实Android开发基础，2年以上Android项目开发经验；
3.对面向对象设计和编程有深入的理解，熟悉常用的设计模式；
4.熟悉Git、Maven、Gradle、AS等常用的开发工具，熟悉Android性能优化相关的工具和知识；
5.具备良好的沟通协调能力，分析解决问题的能力，能独立承担开发任务，系统把握项目进度的把控能力。"
腾讯地图后台开发工程师,"1.负责腾讯手机地图和腾讯出行服务智能化后台业务架构开发工作，支持算法策略持续优化腾讯手机地图和腾讯出行服务等产品的用户体验；
2.参与日常产品特性讨论，评估项目可行性；
3.用户体验、产品功能研发以及系统性能、成本优化等工作。","1.计算机及相关专业本科以上学历，3年以上工作经验；
2.有大型系统的架构，设计，编码以及实战经验，具备广告/推荐/搜索等架构设计和开发经验优先；
3.具备较强的编码能力，熟练掌握Java、c++、golang等至少其中一门语言；
4.了解大数据的存储/计算相关技术；
5.有良好的团队合作意识，积极乐观，自驱力强。"
腾讯广告数据挖掘工程师,"1.负责腾讯广告的数据分析、挖掘和应用工作；
2.从数据和算法角度优化广告全链路优化，包括召回/粗排/精排大模型的优化；
3.针对线上特征，能够通过量化分析、数据建模、A/B Testing等方法开展专项分析及效果评估工作，指导线上特征应用。","1.优秀的编码能力，熟悉C/C++/Python/Scala 等编程语言，扎实的数据结构和算法功底；
2.优秀的分析问题和解决问题的能力，对前沿技术充满好奇，善于提出解决方案并快速验证，积极寻求解决高难度问题；
3.精通数据挖掘、机器学习、统计学，有大规模推荐系统、计算广告、搜索引擎相关领域成功项目经验；
4.具备较好的跨团队合作能力；
5.有计算广告背景特别是广告投放机制经验者优先。"
优图实验室算法研究员(深度学习图像/多模态方向),"1.深度学习前沿算法研究，侧重于CV/多模态方向，内容感知和理解的探索性研究；
2.深度学习算法的效果改进、性能优化； 算法工程实现和应用落地的集成、调试、维护。","1.具有良好的数理功底和研究型工作的经验；
2.具有良好的程序基础，实战能力强，能够独立分析和解决技术问题； 学习能力强，思维敏捷，能够快速学习掌握新领域的知识和技能；
3.有深度学习相关研究和项目经验者优先；
4.有OCR或文档理解领域算法经验者优先，良好的团队协作能力。"
广告大数据高级工程师,"1.负责腾讯广告的大数据研发与维护工作，涉及日志/归因/样本等，为模型/调价/运营分析等场景提供稳定高效的数据基础；
2.参与归因平台的设计和开发，解决实时化/高可用/快速迭代/易诊断等挑战，持续升级计算存储架构，更好的支撑模型实时化和业务行业化发展。","1.计算机或相关专业本科及以上学历，3年以上互联网工作经验；
2.扎实的编程基础，熟练掌握Java或者Scala语言，具备扎实的数学、数据结构和算法基础，熟悉常用设计模式；
3.有海量数据处理和并行计算开发经验， 熟悉Spark/Flink/HBase等大数据技术并有实际工作经验；
4.具有独立解决问题的能力，良好的团队合作意识和沟通能力；
5.有广告/搜索/推荐相关工作背景优先。"
QQ飞车手游-客户端资深开发工程师,"1.负责游戏产品玩法需求的技术可行性评估, 技术方案的设计和实现；
2.协助引擎研发工程师建立高效的游戏内容制作管线，保障运行性能，完善并持续优化相关工具链；
3.与策划/美术/服务端程序紧密合作, 完善游戏产品, 打磨用户体验。","1.三年以上游戏客户端开发经验，至少参与过一款3D游戏项目，对游戏研发技术领域有较为全面的了解和关注；
2.熟悉软件研发领域知识(计算机系统、OS、数据结构等)，熟练使用C#, lua, C/C++；
3.丰富的Unity3D引擎实践经验，熟悉其框架和主要模块的功能特性，并能熟练应用于Gameplay的开发；
4.出色的学习能力，良好的问题分析解决能力；
5.责任心强，有较高的团队协作和任务跟进能力，善于沟通，使命必达；
6.热爱游戏，关注用户体验，有Geek精神，懂得以螺旋上升的方式追求极致。"
腾讯云能源行业售前架构师,"1.为能源行业客户和合作伙伴提供腾讯云整体技术平台、业务和技术层面的架构咨询服务，理解客户在研发、运营工作中对网络、计算、存储、物联网等基础设施，数据、技术、业务中台和应用的需求，分析其快速发展过程中，在信息化所遇到的挑战和未来的方向；
2.根据客户业务的需求和理解合作伙伴的需求，基于腾讯云的技术架构，输出满足客户需求的服务解决方案；
3.具备独立为行业客户提供有竞争力的互联网+能源解决方案的能力,联合销售团队整合资源完成技术支撑及系统架构工作，并协助承担售中/后等相关技术管理和推进工作，具备很强的资源协调能力，有一定的项目实施经验。","1.本科以上学历，5年以上的IT系统架构设计，至少3年以上云计算、大数据、物联网、能源行业信息化架构设计工作经验；
2.具备优秀的文档能力，清晰明了地表达架构意图，能够熟练编写各类技术文档；
3.良好的沟通、协调及资源整合能力；
4.具备优秀的表达能力，思路清晰、逻辑缜密；
5.具备以下者优先考虑；
6.熟悉openstack等虚拟化架构及主流公有云服务，并能够清晰描述其工作原理和基础的架构逻辑，对不同品牌的云服务区别有一定认知者；
7.熟悉私有云、专有云（面向能源）项目的需求分析、方案设计、传统解决方案云化规划设计、应用迁移和数据迁移等设计工作；
8.具有丰富的企业级应用架构设计或云服务集成实施经验；
9.有一定ITInfrastructure（包含服务器、存储、数据库、网络、中间件）的运维或管理经验；
10.熟悉电力、石油、燃气行业信息化系统架构、业务需求和未来升级方向；
11.对能源行业大数据、AI、物联网、数字孪生、综合能源等领域，有一定项目经验或在熟知其中一个领域技术细节者；
12.有能源行业信息化服务交付、设计经验者。通过腾讯云技术认证或同等资格认证的优先录取。通过腾讯云从业资格证或同等资格认证的优先录取。"
START云游戏后台开发工程师,"1.负责START云游戏资源调度框架并持续优化，提升资源利用效率；
2.负责START云游戏后台框架搭建和业务逻辑开发，优化架构支持海量用户业务；
3.负责START云游戏商业化平台框架搭建和业务逻辑开发，支持灵活的商业化策略验证；
4.负责游戏开发者平台的架构设计、功能开发和维护，持续补齐开发者平台特性；
5.持续提升性能，提升体验。","1.3年以上后端开发工作经验，精通Go语言，精通网络编程和数据库编程；
2.熟悉Linux系统，熟悉docker部署，能独立完成后台系统的开发、部署、维护；熟悉常见云产品使用和配置；
3.深刻理解面向对象开发思维，具有较好的系统分析设计能力、文档撰写能力；
4.有游戏平台开发经验者优先 能快速学习，热爱游戏行业，诚实正直、责任心强，有较好的沟通能力。"
混元机器学习平台高级开发工程师（深圳/北京),"1.负责机器学习平台的设计与开发，包括：性能优化，持续提升训练性能，包括多机多卡大规模训练优化，数据交换优化和参数调优等；
2.易用性优化，持续提升平台易用性，降低机器学习应用门槛；
3.积极追踪业内AI动态，优化内部技术方案，改进产品性能，不断推进AI架构升级。","1.熟练掌握TensorFlow、Pytorch等主流深度学习框架中的一种或多种，并有具体的项目应用经验(包括但不限于模型训练优化、模型服务优化等经验)；
2.熟练使用Java/Go/Python至少一种编程语言，良好的软件设计和开发能力；
3.熟悉Spring Boot、VUE、MySQL等组件框架；
4.良好的沟通能力、解决问题能力。"
极品飞车IP手游-游戏客户端开发（玩法/系统方向）,"1.负责游戏产品玩法需求的技术可行性评估，技术方案的设计和实现；
2.负责与引擎研发工程师建立高效的游戏内容制作管线，保障运行性能，完善并持续优化相关工具链；
3.与策划、美术、服务端程序紧密合作，完善游戏产品，打磨用户体验。","1.本科及以上学历，三年以上游戏客户端开发经验；
2.至少参与过一款3D游戏项目，对游戏研发技术领域有较为全面的了解和关注；
3.熟悉软件研发领域知识(计算机系统、OS、数据结构等)，熟练使用C++/Lua；
4.丰富的UE4引擎实践经验，熟悉其框架和主要模块的功能特性，并能熟练应用于Gameplay的开发；
5.出色的学习能力，良好的问题分析解决能力；
6.责任心强，有较高的团队协作和任务跟进能力，善于沟通，使命必达；
7.热爱游戏，关注用户体验，有Geek精神，懂得以螺旋上升的方式追求极致。"
微信视频号直播推荐高级算法工程师,"1.支持快速增长的微信视频号直播的推荐算法工作，包括转化效率提升，内容生态健康度提升等；
2.通过在召回、粗排和精排上对样本、特征、模型以及相关策略的不断优化，持续优化直播推荐的转化效率；
3.对直播生态中的用户和作者行为做深入的分析和理解，制定算法策略促进生态良性发展；
4.岗位可灵活 base 在广州、深圳或北京。","1.具备两年以上的推荐系统、搜索引擎、广告系统的算法研发经验；
2.具备优秀的编码能力，扎实的数据结构和算法功底；
3.优秀的分析问题和解决问题的能力，对解决挑战性问题充满热情；
4.有较好的沟通能力、团队协作能力，积极主动。"
开发者工具研发工程师(武汉),"1.负责开发者工具、测试平台或云原生技术产品的架构设计、开发和落地；
2.负责开发者工具、测试平台或云原生技术产品的开源代码项目的维护和管理；
3.负责开源软件的方案设计、功能开发维护以及文档编写；
4.在腾讯云研发项目中，应用行业前沿的优秀的工程实践经验，提升研发效率和工程生产力。","1.计算机或软件相关专业，本科及以上学历，具备扎实的计算机和软件技术基础；
2.三年以上软件开发经验，能熟悉掌握和运用Golang/Python/Java/C/C++等任何一门主流编程语言；
3.熟悉开发者、测试或云原生技术产品领域中至少一项技术，包括但不局限于构建工具、调试工具、自动化测试、代码静态分析、低代码/无代码工具、研发和测试协同和云原生架构设计等；
4.具备良好的软件工程素养，有大型软件系统的研发、测试或运维工具平台的研发经验，或云原生技术架构设计经验者优先；
5.具备开源软件开发经验者优先；
6.具有发现问题的灵敏嗅觉，具备针对复杂问题的分析和解决的能力；
7.有学习欲望，具有自我持续提升的内驱力；
8.注：此岗位为腾讯集团旗下子公司编制岗位。"
工具平台前端工程师(武汉),"1.承担腾讯云自动化测试平台、开发者工具平台前端开发；
2.负责前端基础技术预研和落地，包含第三方包的引入评估等；
3.前端性能调优，面向用户的体验优化；
4.注：此岗位为腾讯集团旗下子公司编制。","1.熟悉运用前端主流框架，React技术栈更佳；
2.对DevOps、开发者工具平台建设相关领域有一定的了解；
3.对技术有探索意愿和敏锐感知，合理运用相关的新技术解决问题；
4.能够思考原型与用户场景的关系，对持续优化用户体验有兴趣；
5.对于微前端、多平台适配等领域有经验优先。"
企点应用开发工程师(java),"1.负责营销应用相关系统建设；
2.深刻理解业务需求，负责系统的SLA架构设计、代码实现、代码维护、迭代更新优化，保证任务质量和交付及时性；
3.负责编写相关的技术文档、单元测试，对产品质量负责。","1.本科及以上学历，扎实的计算机专业基本功，编程基础扎实，对代码质量有追求；
2.3年以上开发经验，精通java，精通Java及面向对象设计开发，对部分技术有深入研究，研究过优秀开源软件的源码并有心得者优先；
3.熟悉常见设计模式，熟悉Spring，SpringMVC,Springboot,SpringCloud ,MyBatis等流行开源框架，深入了解其原理和实现机制；
4.熟悉常用的数据结构和算法，掌握网络编程，精通MySQL应用开发，熟悉数据库原理和常用性能优化技术，以及NoSQL、消息队列的原理、使用场景以及限制,具备服务器硬件相关知识的优先；
5.能够独立或协同，高质量按期完成项目；
6.有较强的逻辑思维能力，善于分析、归纳、解决问题，持续学习和总结，自我迭代；
7.注：此岗位属腾讯集团子公司编制岗位。"
微信搜索算法工程师(深圳),"1.负责微信搜索文章质量理解和排序优化，包括但不限于文章分类、内容理解、低质/优质文章挖掘、文档语义表征、用户行为链条学习等；
2.解决实际搜索业务问题，包括但不限于排序优化、索引筛选、内容价值衡量等，不断提升搜索体验和效果；
3.跟踪业界最新研究成果，根据实际应用优化和改进模型或算法，将前沿nlp、机器学习、信息检索技术应用于实际业务中。","1.本科以上学历，计算机相关专业，有搜索、推荐相关算法工作经验；
2.熟悉Linux相关技术；熟悉Python/C++/C语言；熟悉大数据处理技术(如Hadoop、Spark等)；
3.熟悉NLP、数据挖掘、机器学习算法和和实战应用；
4.有较强的技术能力和创新能力，能够对前沿问题进行研究，结合未来实际应用场景，提供技术落地方案；
5.有出色的执行力，能在工作中持续学习与并保持饱满的工作热情；
6.有发表acl,icml,nips,aaai等顶会研究成果最佳。"
Senior Database Administrator,"Serve as a database administrator/architect providing Game database platform technical innovation, support, infrastructure and architecture design. Position requires the ability to work with R&D department to deliver high efficiency database platforms on cloud to run Company Game products. Responsibilities
Provides overseas game production databases on cloud 24X7 running technical support and services;
Troubleshoot and resolve Game Database issues;
Game database on cloud optimization and performance tuning;
Game database on cloud fully high availability implementation;
Working with Company R&D to keep the database in latest patching and version;
Planning, developing and delivering production database platforms on cloud;
Work Location: Singapore-CapitalSpring","Experienced in Database infrastructure and architecture design;
Experienced and deep work knowledge at lease of one of MySQL, Redis and MongoDB, include database configuration, backup/recovery, monitoring and troubleshooting on cloud;
Experienced in database optimisation and performance tuning;
Experienced in production running on AWS and/or Tencent Cloud;
Experienced in Storage service on AWS and/or Tencent Cloud;
Kubernetes skills and knowledge are preference;
Experienced in Linux is required;
Ability to fast learn and hands on new database technology and skills;
Keen to learn and high interesting on database technology;
Has high responsibility and team working spirit;
Good communication skill;"
Senior Data Engineer,"【About Level Infinite】
Level Infinite is a global gaming brand dedicated to delivering high-quality and engaging interactive entertainment experiences to a worldwide audience, wherever and however they choose to play.  It operates from bases in Amsterdam and Singapore with staff around the world. 
To learn more about Level Infinite, visit www.levelinfinite.com, and follow on Twitter,Facebook, Instagram and YouTube

[DEI Statement]

Diversity, Equity & Inclusion at Tencent:

Diversity, equity and inclusion are important, interdependent components of our workplace. As an equal opportunity employer, we firmly believe that diverse voices fuel our innovation and allow us to better serve our users and the community. We foster an environment where every employee of Tencent feels supported and inspired to achieve individual and common goals.

1.Design, build and own the core data models and systems that able to support petabyte of data pipeline across the Tencent's overseas games.
2.Analyze large amounts of players’ data with business use cases to bridge the gaps of data-driven lifecycles.
Partner with multiple internal teams and external partners to collect requirements and deliver large-scale data solutions for various analytics and business applications.
3.Collaborate with product team to define, create, and maintain data applications and platform such as real-time platforms, data pipeline, telemetry implementation, and machine learning deployment to help achieve Tencent's publishing goals.
4.The challenges range from building real-time and offline distributed data processing pipelines for feature engineering and automation as well as building systems and frameworks to deploy, scale, test, monitor real-time machine learning models and user acquisition algorithms.
Work Location: Netherlands-Amsterdam","1.Advanced degree in Computer Science, Engineering, Mathematics or equivalent technical field.
Programming and scripting language (e.g. SQL, Python, Java/Scala, Golang).
2.4+ years of professional software development: experience in backend development experience with interest in work involving data pipelines, distributed systems, and large-scale data processing.
3.Experience working with distributed data technologies (e.g. Hadoop, MapReduce, Spark, Flink, Kafka, Impala, HBase etc.) for building efficient and large-scale data pipelines.
4.Experience shipping scalable data solutions in the cloud (AWS, Azure, GCP) and database technologies such as Snowflake, Redshift, SQL/NoSQL and or columnar databases.
5.Dynamic team player with ability to handle numerous requests concurrently and strategically, prioritizing when necessary.
6.Strong problem-solving skills with an ability to isolate, deconstruct and resolve complex data engineering challenges.
7.Ability to communicate with worldwide business stakeholders regard data products and technical requests.
Proven track record to clearly form and communicate ideas to both technical and non-technical worldwide audiences."
高级后台开发工程师,"1.打造易扩展、高并发、高可用、业务接口及音视频链路低延时要求的具备可观测、高质量的云原生系统架构；
2.持续优化和重构现有系统，高效支撑业务快速发展；
3.分析系统瓶颈，解决各种疑难问题，对系统疑难问题和性能问题可快速定位分析并解决；
4.深入分析和发掘业务需求，并促进技术需求的演进和发展，撰写技术方案，推动内外合作团队共同达成业务目标。","1.计算机或相关专业，本科及以上学历；
2.扎实的Go语言基础，对数据结构和算法设计具有深刻的理解，精通Go语言同时也熟悉Java或C++语言者优先；
3.3年以上Linux服务器开发经验，掌握常见的部署及运维操作指令；
4.对容器架构有深入理解，对Docker、K8S原理有一定了解并熟练使用，对服务器端部署、服务架构、链路调优、网络架构等有深入的理解；
5.至少熟练掌握一门脚本语言，如python、shell等；
6.具有较强的发现问题、分析问题、解决问题的能力，工作中能够体现突出的主观能动性；
7.具备高度的设计抽象能力，思路清晰且表达能力较好，具备独立的需求分析和方案设计能力；
8.有面向ToB行业做过复杂系统开发设计并承担核心技术角色的优先，有音视频图像处理开发经验者优先，例如图片视频编解码优化、直播流稳定性与延迟优化等。"
腾讯云技术规划架构师（云原生方向）,"1.负责腾讯公有云产品的技术架构分析与对比，深入剖析技术细节，挖掘成本优化空间；
2.负责研究公有云海量集群资源的弹性调度方案、运营效率提升措施，联合产研制定降本增效方案；
3.参与跨事业群、跨部门的联合项目管理工作。","1.计算机相关专业本科及以上学历，5年以上大型互联网应用或公有云平台的后台开发或架构设计经验；
2.熟练使用Python/C++/Java等语言，对软硬件性能优化有深入理解；
3.工作踏实、积极主动、能够承受一定的工作压力；
4.具有良好的分析、研究和解决问题能力，具备较强的沟通表达、团队协作和项目管理能力；
5.技术能力符合以下其中一项的：1）有高并发、高可靠、大规模的后台服务系统架构设计经验；2）云计算方向：熟悉QEMU/KVM、OpenStack、Docker、Kubernetes等虚拟化技术或管理平台；3）存储方向：在分布式存储领域，在对象存储、块存储、文件存储等架构及应用场景有深入的实践及调优经验；4）大数据方向：有Elasticsearch、Hadoop、ClickHouse等大数据组件的开发或使用经验；5）数据库方向：对MySQL、Redis等数据库的架构及应用场景有深入的实践或调优经验。"
腾讯云操作系统高级研发工程师(内核开发),"1.负责操作系统内核的研发、优化和维护工作；
2.负责提升OS产品竞争力。","1.精通C语言和Linux环境编程，熟悉Rust语言优先；
2.扎实的操作系统基础，熟悉Linux内核，对内核调度器、内存管理、网络、协议栈，Cgroup等模块之一有过相关实践；
3.2年以上Linux内核开发、优化经验；
4.熟练使用Linux底层工具，了解其原理，熟悉某一CPU体系结构，熟悉底层性能调优。"
资源规划管理高级工程师,"1.负责公司级IDC资源的规划、运营及优化，构建全面库存管理体系及结合业务的运维架构进行技术运营支撑及相关优化工作；
2.建立业务迁移相关资源的整合拉通及平台搭建，通过优化自研及云（含自研上云）业务的迁移和成本，提升公司IDC资源的使用效率及业务效率；
3.深入支撑业务全局性的IDC成本和IDC资源类问题，包括指标体系建设、流程建设和业务的供应保障，并持续优化该体系的效率；
4.主导并推进成本和IDC资源管理解决方案落地到产品工具中，通过产品工具和数据化驱动降低成本，实现高效自动化的平台化能力。","1.计算机、电子通信相关专业本科及以上学历，5年以上云平台的技术运维或后台开发经验；
2.对IDC数据中心运营、项目管理、供应链库存管理、成本优化、资源管理、基础架构容量规划中一个或多个领域有深入的理解；
3.熟悉Linux内核及运维逻辑，对KVM/Xen等虚拟化技术、云原生Docker、Kubernetes底层技术有过实际的使用和运用经验，有容器相关调度技术和运营经验优先；
4.熟悉Pass、Saas类业务的后台服务系统架构设计经验优先；
5.具有良好的分析、研究和解决问题能力、解决方案制定能力；
6.工作踏实、积极主动、能够承受一定的工作压力；
7.具有良好的学习能力、沟通能力、服务理念和合作精神；
8.强烈的责任心与主动性，对所负责工作有owner意识。"
微信游戏合作前端工程师,"1.负责微信游戏中心社区特性迭代；
2.围绕社区向游戏提供服务和工具；
3.优化程序性能，打造原生体验。","1.计算机专业，基础知识扎实，本科及以上学历；
2.可熟练运用HTML、CSS、JavaScript构建高性能的web应用，对前沿技术保持高度关注，有一定的web优化经验；
3.熟悉HTTP的基本原理，熟练掌握常用调试工具，熟知网络安全攻防方法；
4.了解客户端机制，有一定的客户端开发基础为佳；
5.强烈的责任心与主动性，有自驱力，具备良好的沟通能力和团队协作精神；
6.对技术充满激情，热爱计算机。"
游戏引擎工具开发高级工程师（上海/深圳）,"1.游戏引擎客户端各种工具的开发，包括物理仿真工具、渲染插件等；
2.负责将各类算法集成到引擎中并进行工程优化，算法涵盖物理、渲染、AI等各个方向；
3.各类引擎底层相关的优化工作，包括内存优化、速度提升、兼容性扩展等。","1.具有3年或以上常用引擎的相关开发经验；
2.较强的C++编程能力，具有基于cuda, directX的并行算法开发经验；
3.具备扎实的数学、图形学相关知识。"
腾讯地图后台测试工程师,"1.负责腾讯地图后端质量保障工作，通过对业务架构、代码到产品功能的全面理解，设计测试方法和测试用例；挖掘并跟进实施性能测试、稳定性等专项测试，保障和提升产品质量；
2.参与研究与探索前沿测试技术，并在实际工作中落地和运用；
3.负责研发能力和效率提升，包括但不限于自动化建设，测试工具开发，环境管理，devops流水线建设等。","1.计算机或软件相关专业，本科及以上学历，具备扎实的计算机和软件技术基础；
2.具备扎实的测试经验，能够灵活通过单测/接口测试/性能测试/稳定性测试等手段，高效发现系统缺陷；
3.一年以上软件测试开发经验，能熟练掌握运用至少一门编程语言（C++/java/python/object-c）；
4.了解Devops理念，有CI/CD持续集成相关经验者优先；
5.有参与过ToC/ToB项目交付的标准化测试体系建设者优先，熟悉C端/B端项目的标准化流程；
6.热爱学习，具备自我持续优化的驱动力，且有一定抗压能力、自驱力，有较强责任心和团队协作精神；
7.注：此岗位为腾讯集团旗下子公司编制岗位。"
游戏安全客户端安全(手游客户端安全工程师),"1.负责移动端游戏和外挂的逆向分析；
2.开发并上线外挂检测方案；
3.负责手游安全方案、工具的开发工作。","1.熟悉arm汇编，具备移动端逆向分析的能力；
2.对android，ios的系统机制有深入的了解；
3.熟悉C、C ++等开发语言，具备移动端开发能力；
4.热爱游戏，有较好的沟通能力及团队协作能力；
5.有实际的外挂对抗经验或移动端底层开发经验者优先。"
腾讯专有云系统测试工程师,"1.负责腾讯专有云产品的需求和架构分析，测试设计和测试开发工作,包括IaaS，PaaS，SaaS,存储，网络等，包括但不限于功能，性能，可靠性，鲁棒性，升级部署验证，用户体验等系统测试；
2.对测试方案进行有效的落地和执行，以确保项目进度和软件质量，形成自动化测试用例并进一步形成服务化提升效率；
3.架构并实现IaaS，PaaS等产品自动化测试能力，提升产品测试和交付效率；
4.不断提升测试过程，方法和技术，构建质量评估标准，优化改进措施，提升产品质量和效率；
5.备注：此岗位为腾讯集团旗下子公司编制岗位。","1.计算机本科及以上学历，2年以上软件或软硬件一体化产品系统测试经验，主导过产品或模块级测试用例的设计；
2.精通一种或多种语言（python,shell/c++等），熟悉CICD。"
Senior Researcher - Video Standards,"Research, design, implement, and optimize novel algorithms/models that lead to improved video compression performance in future or existing codecs
Summarize the developed algorithms into academic papers, standard contributions and patent applications
Represent company in standard meetings and academic conferences
Work Location: US-Palo Alto","Minimum qualifications:
Master degree in computer science, electrical engineering, math, statistics, or related fields
5+ years of related working experience
Publications at top-tier peer-reviewed conferences
Interest and experience in video compression and video coding standards
Strong coding skills in C/C++
Ability to communicate/collaborate with other researchers/engineers
Ability to think out of box

Preferred qualifications:
Proven track record of making contributions to video coding standards
Good understanding of state-of-the-art video compression algorithms
Working experience on HEVC, VVC, VP9, AV1, AVS3
Working experience on Joint Exploration Model by JVET"
腾讯会议系统测试工程师,"1.负责音视频及相关产品的质量及专项技术测试，包括用例设计评审，制定测试方案并评估风险、缺陷跟踪和质量分析等；并结合项目特征，挖掘业务相关的各种专项测试需求；
2.推动建设自动化测试体系，同时引入业界测试方案，协助团队提升测试的质量和效率；
3.能独立执行项目测试，包括但不限于功能、性能、稳定性、兼容性，音质，画质，网络策略等方面；并在过程中保持与产品经理、开发的积极有效沟通，快速推动问题解决；
4.注：此岗位为腾讯集团旗下子公司编制岗位。","1.计算机相关专业本科以上学历，熟悉软件测试理论和方法；
2.了解音频、视频、网络相关知识并具有相关测试经验，掌握以下全部或部分领域者优先：音质、画质、时延、卡顿、CPU、内存、流畅度 、网络流量等等；
3.具备自动化测试经验，对质量体系、流程、测试风险把握，测试范畴的定义有很好的理解和应用；
4.熟练掌握至少一种编程语言者优先，包括但不限于C/C++、Python、Shell、Web等。"
地图测试工具开发工程师,"1.负责测试工具的开发、维护和优化，提高测试效率和质量；
2.根据测试需求，设计、开发和实现测试自动化框架、测试脚本和工具；
3.负责搭建、维护和优化自动化部署、自动化测试和自动化运维等Devops工具链；
4.设计、开发和维护CI/CD流程，实现代码自动化构建、打包、测试和部署；
5.与开发团队和测试团队紧密合作，推动DevOps理念的落地和流程的改进。","1.熟练掌握至少一门编程语言，如Python、Java等；
2.熟悉测试自动化框架和测试脚本编写，有相关经验者优先考虑；
3.熟悉Linux系统和命令行操作，具备一定的Shell脚本编写能力；
4.熟悉Docker容器和Kubernetes容器编排，有相关经验者优先考虑；
5.熟练使用至少一种测试工具，如Selenium、Jenkins等；
6.具备良好的沟通能力和团队协作能力，能够与开发团队和测试团队紧密合作，推动DevOps工作的开展。"
智能平台产品测试工程师,"1.负责语音助手相关ToB业务质量保障工作及开放平台质量保障工作，开放平台对外输出腾讯在AI领域特别是人机对话场景中的各项领先技术，在各种行业方向上和多家优质企业进行了深度的合作，包括腾讯车联网，智能家居，智能音箱，智能穿戴，智能机器人，文旅等领域都有合作；
2.负责开放平台的质量保障及ToB业务定制需求的质量保障工作，负责全流程质量管控，包括参与需求分析，帮助完善需求与开发设计实现，合理设计测试计划，实施测试活动，跟进缺陷，协助研发分析定位问题；
3.负责产品相关的测试方案，测试工具平台，自动化测试架构设计及实现工作；
4.保证被测系统的质量，并通过测试流程和方法创新，提升研发的质量和效率；
5.注：此岗位为腾讯集团旗下子公司编制岗位。","1.计算机或软件相关专业，本科及以上学历，具备扎实的计算机和软件技术基础；
2.有扎实的测试基础，能独立负责一个产品线的测试工作；
3.有良好的学习能力和技术钻研能力，具有自我持续优化的驱动力，具有发现问题的灵敏嗅觉，具备针对复杂问题的分析和解决的能力；
4.具备良好的团队合作精神，善于协调沟通，具备较高的问题推动解决能力；
5.有ToB相关质量管理经验和较强项目管理能力者优先考虑；
6.有相关的自动化测试、专项测试或白盒测试工具和平台建设者优先。"
LBS数据挖掘研究员,"1.1.针对海量时空行为数据挖掘/建模，构建用户线下兴趣体系，服务广告/零售等业务推荐场景；
2.依托知识图谱、复杂行为网络等，进行时空预测建模，挖掘用户兴趣及意向；
3.参与时空行为数据清洗、多源空间数据融合、特征/算法设计及质量评估体系建设；
4.跟进业界最新的推荐、大语言模型、时空数据挖掘领域的进展，能快速应用于实际业务中。。","1.1.3年以上算法岗位工作经验，硕士及以上学历；有LBS推荐算法、时空数据挖掘相关工作经验的优先；
2.至少精通一种开发语言（如：C++、Java、Scala、Python），熟悉spark，hive，Flink等大数据计算框架；
3.掌握常见的数据挖掘和机器学习工具，熟悉复杂网络建模、图神经网络模型、时序模型；
4.有较强的逻辑思维能力，善于分析、归纳、解决问题；
5.具备互联网广告、搜素、大数据处理、分布式系统、数据库和网络等业务领域测试经验者优先；
6.熟悉Linux或Unix操作系统；
7.精通测试流程和测试用例设计方法，能主动进行技术钻研；
8.有解决复杂问题和编写自动测试工具和系统的能力。。"
后台开发工程师（深圳/北京）,"1.1.大模型相关平台的开发：了解大模型的离线训练和在线推理流程，制定并实施工程落地的解决方案，建设高质量的平台服务，不断优化成本和服务质量；
2.大模型在推荐/广告等行业应用的建设：深入理解业务场景，研发基于大模型能力的行业应用系统，探索通用AI大模型的商业化；
3.参与时空行为数据清洗、多源空间数据融合、特征/算法设计及质量评估体系建设；
4.跟进业界最新的推荐、大语言模型、时空数据挖掘领域的进展，能快速应用于实际业务中。。","1.1.计算机或相关专业本科及以上学历；
2.3年及以上Linux后台开发经验，熟悉系统运维的基础知识；
3.精通GO，C/C++或JAVA开发语言中的一种或多种，能够排查实际问题；
4.熟悉Mysql，Redis等常见开源组件，Flink，Hadoop，Kafka等大数据套件，掌握适用场景；
5.具备owner意识，能主动推进项目进展，承担更多责任，具备团队协作意识，和良好的沟通能力；
6.熟悉Linux或Unix操作系统；
7.精通测试流程和测试用例设计方法，能主动进行技术钻研；
8.有解决复杂问题和编写自动测试工具和系统的能力。。"
安全系统运营工程师,"1.负责腾讯黑盒漏扫产品的运营工作，跟进外部漏洞态势完善扫描策略，对漏水问题进行举一反三持续完善扫描能力；
2.负责腾讯自研业务WAF产品的策略和运营工作，优化接入体验推动覆盖率提升，现网告警跟进并协调资源解决闭环；
3.参与腾讯运行时安全产品（RASP）的建设工作，建立研发质量和运营监控体系，推动关键业务落地安全防护方案；
4.参与腾讯安全事件应急响应处置，具备独立跟踪国内外主流安全漏洞、清晰分析现有安全体系问题，举一反三，并提出有效优化建议及落实推动业务解决。","1.计算机或相关专业本科以上学历，具备3年以上的安全系统开发，或扫描器/WAF运营工作经验；
2.熟悉OWASPtop10安全漏洞，了解其中危害及常用的修复方案；
3.熟练使用python、java或go其中一种开发语言，有独立进行系统开发和维护经验；
4.有强烈的责任心和学习意愿，良好的沟通交流和团队合作能力；
5.有RASP或IAST相关系统的开发经验者优先；
6.在应急响应、漏洞分析、漏洞挖掘、APT攻防等领域有比较突出的经验和能力者优先。"
游戏引擎高级开发工程师,"1.引擎技术方案的研究，评估，设计，实现，包括引擎架构，图形渲染，动画，物理等；
2.跨平台设计及开发，包括Mobile，PC，Console。","1.掌握引擎架构，图形渲染，动画，物理等相关知识；
2.精通C++，数据结构和算法，关注代码质量和性能优化；
3.密切关注行业最新的游戏引擎技术文章，并将所学应用到工作中；
4.有责任心，良好的团队合作能力和沟通能力；
5.对开发质量有强自驱力。"
腾讯会议Windows开发岗位,"1.负责腾讯云会议Windows客户端相关业务需求开发；
2.负责视频会议业务开发；
3.负责视频会议稳定性及性能优化；
4.负责视频会议客户反馈问题跟进及效率工具开发。","1.本科及以上学历，计算机或软件工程相关专业；
2.2年以上Windows开发经验，计算机基础扎实，熟悉主流UI框架(QT)；
3.熟悉C++语言，具备良好的编码风格，熟练代码管理工具git；
4.具备扎实的数据结构和算法基础；
5.具备良好的分析解决问题能力，良好的学习和分享习惯，工作积极主动，责任心强；
6.有跨平台开发经验或音视频开发经验者优先；
7.备注：此岗位为腾讯集团旗下子公司编制岗位 通过腾讯云从业资格证或同等资格认证的优先录取。"
腾讯会议客户端C++开发工程师,"1.负责腾讯会议 C++ 跨平台的开发和维护；
2.负责腾讯会议平台效率工具建设。","1.计算机相关专业本科以上学历；
2.3 年以上 C++ 开发经验；
3.对 stl 等标准库有深入了解；
4.有 Windows，Mac，iOS，Android 开发经验的优先；
5.有 NodeJS，Python 等技术积累的优先；
6.编程基本功扎实，具有良好的代码风格；
7.工作态度积极，善于主动学习思考，责任心强，对技术有强烈兴趣；
8.思路严谨，具备良好的分析解决问题能力，能独立承担任务；
9.备注：此岗位为腾讯集团旗下子公司编制岗位 通过腾讯云从业资格证或同等资格认证的优先录取。"
腾讯会议C++/Windows开发工程师,"1.负责腾讯会议Windows客户端研发、技术研究和维护；
2.负责腾讯会议 C++ 跨平台框架的开发和维护；
3.负责腾讯会议 C++ 跨平台框架架构设计。","1.计算机相关专业本科以上学历；
2.1 年以上 C++ 开发经验；
3.对 stl 等标准库有深入了解；
4.有音视频相关开发经验的优先；
5.有 Windows，Mac，iOS，Android 开发经验的优先；
6.编程基本功扎实，具有良好的代码风格；
7.熟悉面向对象程序设计，熟悉常见的设计模式；
8.工作态度积极，善于主动学习思考，责任心强，对技术有强烈兴趣；
9.思路严谨，具备良好的分析解决问题能力，能独立承担任务；
10.有良好的沟通协作能力、抗压能力，有强烈的主人翁意识推进项目进展；
11.注：此岗位为腾讯集团旗下子公司编制岗位 通过腾讯云从业资格证或同等资格认证的优先录取。"
操作系统研发工程师,"1.负责基础系统的开发，如OBS构建系统，软件源，自动化测试系统及镜像构建系统等；
2.负责工具开发，包括安装工具，配置工具，检查修复类工具，备份还原工具等；
3.负责运营管理类系统开发，如监控系统，性能分析和调优系统等；
4.负责对外发布系统建设，如安全通告系统，缺陷跟踪系统，产品官网等。","1.本科及以上学历，精通一种或者多种软件开发语言（C/C++、Python、Go等），2年及以上系统软件或者平台软件开发经验；或有前端开发经验；
2.有系统开发工具经验优先，比如obs等；
3.对新技术敏感，求知欲强，能快速学习并具备较强的技术领悟能力；
4.有强烈的上进心和责任感；具有良好的逻辑思维、语言表达能沟通力及团队协作精神；
5.注：此岗位为腾讯集团旗下子公司编制岗。"
腾讯会议Android开发工程师,"1.负责腾讯会议Android终端功能模块开发；
2.负责腾讯会议Android终端的稳定性及性能优化；
3.负责腾讯会议Android端SAAS框架封装及设计；
4.负责项目重点、难点的技术攻坚以及移动端新技术预研等。","1.有扎实的计算机学科基础，熟悉常见算法和数据结构；
2.1年以上Android开发经验，熟悉Android性能指标、监控工具及调优方法；
3.熟悉Android架构以及主流框架及原理；
4.熟悉TCP/IP、UDP、HTTP等网络协议及特性，有相关的开发经验；
5.熟练掌握java/C++语言，具备良好的编码风格，熟练代码管理工具git；
6.具备良好的分析解决问题能力，良好的学习和分享习惯，工作积极主动，责任心强；
7.有跨平台或音视频开发经验优先；
8.注：此岗位为腾讯集团旗下子公司编制岗位 通过腾讯云从业资格证或同等资格认证的优先录取。"
腾讯会议iOS/Mac开发工程师,"1.负责腾讯会议 iOS /Mac终端功能模块开发或架构优化工作；
2.负责高质量的方案设计和编码，不断迭代重构；
3.负责项目重点、难点的技术攻坚以及移动端新技术预研等。","1.计算机相关专业本科以上学历；
2.1 年以上 OC/C++ 开发经验；
3.对 stl 等标准库有深入了解；
4.有音视频相关开发经验的优先；
5.有 Windows，Mac，iOS，Android 开发经验的优先；
6.编程基本功扎实，具有良好的代码风格；
7.熟悉面向对象程序设计，熟悉常见的设计模型；
8.工作态度积极，善于主动学习思考，责任心强，对技术有强烈兴趣；
9.思路严谨，具备良好的分析解决问题能力，能独立承担任务；
10.有良好的沟通协作能力、抗压能力，有强烈的主人翁意识推进项目进度；
11.注：此岗位为腾讯集团旗下子公司编制岗位 通过腾讯云从业资格证或同等资格认证的优先录取。"
GSM服务器整机管理,"1.管理OEM/ODM的供应能力，完成日常供应短缺的处理和供应改善，包括原因分析，制定供应恢复计划等，同时与供应链计划紧密跟进预测变化，供应策略调整；
2.负责自研服务器平台的L6物料供应管理（PSU，FAN，PCBA，HS等），包括ODML6供应情况，库存水位，行业LT变动等；
3.跨部门协作，联动部件、采购、NPI、运营等部门共同完成整机交付过程中的风险识别和风险处理；
4.负责OEM/ODM生产计划的各项进度的检查，当生产、物料出现异常时进行协调及处理；
5.负责对整机及L6的超龄库存及呆滞库存处理策略及落地执行。","1.本科及以上学历，有扎实的服务器/网络设备硬件知识和云计算相关知识；
2.从事电子行业OEM/ODM厂商管理GSM相关工作5年以上；
3.工作严谨，有较强的的沟通表达能力和跨部门协同工作能力；
4.熟练运用office及良好的数据处理统计分析能力，以及文档写作能力。通过腾讯云从业资格证或同等资格认证的优先录取。"
40198-后台开发工程师,"1.负责文章内容理解相关架构落地与优化工作；
负责推荐系统架构、特征、画像等架构工作；。","1.熟悉Linux开发环境；至少熟练掌握Python/C++/Go一门语言；
对NLP、机器学习、多模态、推荐领域有所了解，且具有项目落地经验；
具有良好的问题分析和问题解决能力，对相关技术领域具有敏锐的洞察力和较强的学习能力，能积极应对有挑战性的工作；
乐观积极，具有良好的团队合作精神和沟通意识和能力；。"
FPGA/ASIC开发工程师,"1.结合腾讯云业务，综合分析需求，完成系统架构设计，进行FPGA/ASIC方案制定，完成产品定型和逻辑设计实现；
2.与EE，FW团队配合，完善FPGA板卡设计，打通FPGA产品全流程，集成到最新的IAAS产品序列，参与上线前压测与上线后的运维等工作；
3.负责FPGA设计流程和时序优化、仿真和调试，bug fix，为产品ASIC化做技术储备；
4.负责ASIC设计与实现，支持芯片研发逻辑优化、综合、时序分析等工作；
5.参与云产品研发，重点支持IAAS产品，涉及加速应用。","1.深入理解FPGA架构与基本原理，熟悉主流FPGA厂商产品序列，了解国产FPGA现状；
2.熟悉SoC架构，精通AXI/AHB/APB总线，掌握SoC debug技能，熟悉SoC各类接口，如DDR、SPI、UART、IIC、MCTP、ADC/DAC等；
3.熟练使用FPGA开发工具，精通FPGA开发、验证和时序优化技巧，掌握FPGA-based SoC debug技能；
4.熟悉ASIC设计、优化、逻辑综合、时序分析等，了解布局布线、DRC&LVS等，熟练使用主流芯片设计与调试工具；
5.精通SystemVerilog或Verilog语言，熟悉基本电路结构；
6.有存储或硬件安全加速相关的项目经验优先；
7.熟悉NVMe、PCIe、DDR等协议的优先，有使用相关IP经验的优先；
8.积极主动，善于沟通，团队合作。"
视频号直播推荐系统架构高级/专家工程师,"1.负责主导视频号直播推荐系统的工程架构设计研发与长期演进；
2.主动分析和发掘现有系统的问题，定位系统瓶颈，不断提升服务性能/稳定性/可用性/可扩展性；
3.关注前沿技术，引入新技术和新方案；
4.主动思考研发流程中的问题，促进团队研发效率和工程质量的提升。","1.具有三年以上推荐系统、搜索引擎、广告系统的架构设计和研发经验；
2.具备丰富的架构设计经验，有比较强的业务sense，能根据业务情况设计合理的整体架构方案；
3.具备大容量、高性能，高可用复杂系统的设计和开发经验；
4.有较好的沟通能力、团队协作能力，抗压能力。"
NLP算法工程师(北京/深圳/成都)(自然语言处理方向),"1.负责自然语言处理的语义匹配、预训练等相关算法的研究和研发工作；
2.负责模型搭建、调优，以及线上模型的维护和优化；
3.负责开发并推动前沿技术例如预训练技术融入对话平台等应用，扩大部门影响力。","1.计算机相关专业硕士及以上学历；
2.熟悉语义匹配以及预训练相关算法，并且有相关自然语言处理场景的业务实践经验；
3.熟悉常用编程语言(包括但不限于Python/Go/C/C++等)并具备一定工程项目实现能力，有开发/迭代线上系统的实操经验；
4.在自然语言处理和深度学习（ICML/NeurIPS/ICLR/ACL/EMNLP/NAACL等）顶级会议或者期刊上发表论文者优先；
5.有良好的团队协作意识，良好的沟通交流能力以及持续学习的能力。"
腾讯会议客户端C++开发工程师,"1.负责腾讯会议 C++ 跨平台的开发和维护；
2.负责腾讯会议平台效率工具建设。","1.计算机相关专业本科以上学历；
2.3 年以上 C++ 开发经验；
3.对 stl 等标准库有深入了解；
4.有 Windows，Mac，iOS，Android 开发经验的优先；
5.有 NodeJS，Python 等技术积累的优先；
6.编程基本功扎实，具有良好的代码风格；
7.工作态度积极，善于主动学习思考，责任心强，对技术有强烈兴趣；
8.思路严谨，具备良好的分析解决问题能力，能独立承担任务；
9.备注：此岗位为腾讯集团旗下子公司编制岗位 通过腾讯云从业资格证或同等资格认证的优先录取。"
优图实验室算法研究员(计算机视觉方向),"1.负责人工智能和计算机视觉在生物特征识别领域的算法研究和业务落地；
2.负责深度学习和计算机视觉前沿算法研究，方向包括但不限于人脸识别、ReID、模型轻量化、图像生成、知识蒸馏等。","1.熟练并掌握机器学习、深度学习、计算机视觉基本方法，深入自身研究方向和发展；
2.较强的算法实现能力，熟练掌握C/C++，Python等编程，熟悉深度学习平台如PyTorch等；
3.较强的研究创新能力，一作发表过顶会顶刊论文或参加过高影响力比赛取得较好名次；
4.能快速学习新知识，对技术研发富有激情，具备良好的团队合作精神。"
游戏客户端性能测试工程师,"1.负责游戏客户端性能测试工作，包括测试设计和执行、性能问题分析、流程和自动化建设等；
2.负责开发、优化客户端性能测试相关的执行或分析类工具，提升测试质量和效率；
3.负责收集和分析业务测试需求，探索更多的测试方法。","1.本科以上学历，2年及以上客户端（游戏或应用）性能测试或测试开发经验；
2.熟悉至少一门开发语言，包括C/C++、Python、Java，能独立完成测试工具的开发工作；
3.熟悉计算机图形学或游戏引擎者优先；
4.具有游戏开发或者Android/IOS开发经验者优先。"
腾讯云大数据Elasticsearch研发工程师,"1.负责腾讯云大数据 Elasticsearch 内核研发工作及相关生态建设；
2.负责研发下一代超大规模云原生分布式实时检索分析引擎，打造世界领先的云原生分布式大数据平台，解决日志、时序等海量数据场景下的性能和成本等痛点；
3.负责相关系统架构设计，性能瓶颈分析，存储成本优化，并参与开源社区的合作与建设。","1.计算机或相关专业本科及以上学历，在大数据计算和存储相关领域有5年及以上内核研发经验；
2.熟练掌握 Java/C++ 编程，有扎实的操作系统知识、系统性能意识，良好的算法功底、代码能力；
3.熟悉大数据生态，对分布式、海量、高并发等场景有丰富的架构设计优化经验；
4.对 Elasticsearch、Lucene 系统架构或源码有深入的了解，社区 Contributor、Committer 优先；
5.熟悉业界主流大数据检索分析系统，比如 Impala/Presto/Clickhouse/Doris/Druid 等，有实践研发经验优先；
6.工作认真负责，自驱力强，团队协作意识强，注重技术细节，有良好的技术视野。"
资深游戏客户端开发,"1.负责UE4游戏开发相关Gameplay、架构设计、深度优化等技术攻关工作；
2.根据产品特性，进行程序框架及技术方案的设计和实现；
3.协助美术/策划建立高效的游戏内容制作流程；
4.完善并持续优化工具链。","1.本科及以上学历；
2.5年以上游戏客户端研发经验，2年以上UE4或Unity引擎相关开发经验，并了解其核心技术实现原理；
3.精通C/C++，有优秀的程序语言功底；
4.至少精通物理、动画、网络同步或AI等游戏开发知识中的一个领域；
5.具备完整项目开发经验者优先；需要持续的学习和解决问题的能力，良好的团队协作能力与敬业精神, 善于沟通；
6.热爱游戏，对技术领域有持续的追求与激情。。"
腾讯会议Windows开发岗位,"1.负责腾讯云会议Windows客户端相关业务需求开发；
2.负责视频会议业务开发；
3.负责视频会议稳定性及性能优化；
4.负责视频会议客户反馈问题跟进及效率工具开发。","1.本科及以上学历，计算机或软件工程相关专业；
2.2年以上Windows开发经验，计算机基础扎实，熟悉主流UI框架(QT)；
3.熟悉C++语言，具备良好的编码风格，熟练代码管理工具git；
4.具备扎实的数据结构和算法基础；
5.具备良好的分析解决问题能力，良好的学习和分享习惯，工作积极主动，责任心强；
6.有跨平台开发经验或音视频开发经验者优先；
7.备注：此岗位为腾讯集团旗下子公司编制岗位 通过腾讯云从业资格证或同等资格认证的优先录取。"
腾讯会议Web端开发工程师,"1.负责视频会议产品Web及小程序端业务开发；
2.负责视频会议业务开发；
3.负责视频会议稳定性及性能优化；
4.负责视频会议客户反馈问题跟进及效率工具开发。","1.本科及以上学历，计算机或软件工程相关专业；
2.2年以上Web开发经验，熟练使用JavaScript框架如React或Vue；
3.具备扎实的数据结构和算法基础；
4.具备良好的分析解决问题能力，良好的学习和分享习惯，工作积极主动，责任心强；
5.具有webrtc开发经验或移动端开发经验者优先；
6.备注：此岗位为腾讯集团旗下子公司编制岗位 通过腾讯云从业资格证或同等资格认证的优先录取。"
腾讯会议iOS/Mac端开发工程师,"1.负责视频会议iOS或Mac端相关业务需求开发；
2.负责视频会议业务开发；
3.负责视频会议稳定性及性能优化；
4.负责视频会议客户反馈问题跟进及效率工具开发。","1.本科及以上学历，计算机或软件工程相关专业；
2.2年以上iOS或Mac开发经验，精通Objective-C，熟悉Swift；
3.具备扎实的数据结构和算法基础；
4.良好的计算机基础，数据结构和算法是必备技能，熟悉Git等工具开发；
5.具备良好的分析解决问题能力，良好的学习和分享习惯，工作积极主动，责任心强；
6.有跨平台或音视频开发经验者优；
7.备注：此岗位为腾讯集团旗下子公司编制岗位 通过腾讯云从业资格证或同等资格认证的优先录取。"
腾讯广告视频与新闻广告算法工程师,"1.腾讯社交与效果广告算法策略研究、设计与实现，参加以下一到多项工作；
2.广告排序算法的研究，流量效率的挖掘和提升；
3.信息流广告用户行为分析，特征提取与建模，优化线上效果；
4.广告推荐模型的效果优化，提升推荐准确性。","1.计算机、数学相关专业硕士以上学位；
2.数据结构和算法功底扎实，熟练使用 C/C++，Python，Scala；
3.熟悉常见的机器学习算法以及TensorFlow等主流平台；
4.有广告推荐系统相关工作经验者优先；
5.有良好的算法基础及相关竞赛经历者优先；
6.有机器学习顶级会议论文者优先。"
混元机器学习平台高级开发工程师（深圳/北京),"1.负责机器学习平台后台开发，支持大规模GPT/GameAI/NLP/CV等GPU场景，优化资源调度效率；
2.负责任务的调度优化，实现高优任务、容灾任务、弹性任务的资源调度，保证大规模训练系统的稳定性。","1.熟悉掌握JAVA/GO/Python中一种或多种编程语言，熟悉常用算法和数据结构，具有扎实的编程功底；
2.熟悉Kubernetes、Docker等云原生技术工具，了解CRD的工作原理和实现，熟悉MPI-Operator等训练调度框架；
3.熟悉OpenMP、MPI、RDMA等高性能计算相关技术，有高并发、高可用分布式系统开发经验，有高性能存储系统优化经验；
4.具有大规模GPU集群调度建设、优化和故障排查经验；能够从计算资源、RDMA高速网络资源、存储等方面进行系统优化，充分发挥大规模分布式集群的计算能力；
5.有强烈的自主学习能力、执行力，具备良好的沟通能力和优秀的团队协作能力；
6.加分项：熟悉主流深度学习框架TensorFlow/Pytorch/MXNet，熟悉Megatron/DeepSpeed等训练加速框架的优先。"
腾讯游戏高级工程师(游戏客户端编辑器开发),"1.负责Unreal、Unity引擎的编辑器功能的开发和扩展，包括技能编辑器、关卡编辑器、剧情编辑器、AI编辑器等等；
2.负责编辑器的界面开发、数据抽象、运行时逻辑、网络同步封装等；
3.负责与策划、美术、服务器配合进行流程优化相关工具研发；
4.负责中台内部或者支持的外部项目的编辑器定制化功能开发。","1.熟悉Unity，Unreal等至少一种3D引擎；
2.熟练掌握C++和C#语言中至少其中一种；
3.具备良好的算法和数据结构基础知识；
4.Gameplay、网络同步、UI框架、工具链等某个游戏相关领域有一定深入的了解和积累；
5.具有良好的团队合作精神，自我驱动力。"
移动客户端开发（iOS/Android）,"1.负责微视研发，深度参与微视产品需求讨论，功能定义等，强数据驱动；
2.负责高质量的技术设计和编码，设计良好的代码结构，不断迭代重构；
3.进行技术预研，将新技术落地到产品，技术分享；
4.负责微视研发，深度参与微视产品需求讨论，功能定义等，强数据驱动；
5.负责高质量的技术设计和编码，设计良好的代码结构，不断迭代重构；
6.进行技术预研，将新技术落地到产品，技术分享。","1.熟练使用Git，Android Studio/XCode及性能调优工具； ；
2.熟练使用Android/iOS常用API，理解系统体系结构及UI绘制原理；；
3.精通Java/Obj-C多线程开发，熟悉Http/Socket工作原理，常用数据交换格式； ；
4.有系统源码研究、架构设计及自定义UI控件经验优先；；
5.有较好的产品思维优先；；
6.积极乐观，责任心强，具有良好的团队沟通与协作能力； ；
7.熟练使用Git，Android Studio/XCode及性能调优工具；
8.熟练使用Android/iOS常用API，理解系统体系结构及UI绘制原理；
9.精通Java/Obj-C多线程开发，熟悉Http/Socket工作原理，常用数据交换格式；
10.有系统源码研究、架构设计及自定义UI控件经验优先；
11.有较好的产品思维优先；
12.积极乐观，责任心强，具有良好的团队沟通与协作能力。"
腾讯游戏客户端高级工程师(UGC编辑器开发),"1.负责Unreal的UGC编辑器开发工作，深度参与核心模块的编码开发工作；
2.负责UGC编辑器的界面开发、数据抽象、运行时逻辑、网络同步封装等；
3.负责UGC编辑器支持的常用玩法内核的开发；
4.负责与策划、美术、服务器配合进行合作，完善编辑器的易用性。","1.熟悉Unity，Unreal等至少一种3D引擎；
2.熟练掌握C++和C#语言中至少其中一种；
3.具备良好的算法和数据结构基础知识；
4.Gameplay、网络同步、UI框架、工具链等某个游戏相关领域有一定深入的了解和积累；
5.具有良好的团队合作精神，自我驱动力。"
微信读书产品部高级 Windows 开发工程师,"1.1.负责微信键盘 Windows 客户端业务功能与核心模块研发；
2.负责项目重、难点的技术攻坚以及客户端新技术预研等；
3.开发大规模用户级产品，融合微信生态，主动探索更多的功能空间；
4.参与性能和稳定性相关的体系建设和工具开发，保证软件质量和研发效率。。","1.1.本科及以上学历，计算机或相关专业，从事客户端开发工作3年及以上；
2.精通 Windows开发栈，特别是 C++ 应用开发；
3.熟悉常用的设计模式、多线程、网络、界面开发等；
4.有良好的主导客户端技术方案设计的能力和丰富的经验；
5.有丰富的性能优化相关经验，熟悉常见的性能优化相关问题和解决方案；
6.有良好的发现、分析和解决问题的能力；有较强的责任心和主动性，良好的团队协作能力；抗压能力强。。"
腾讯云计量平台后台开发工程师,1.负责腾讯云计费计量平台的后台设计、研发和运营工作：搭建秒级亿次的流批一体化计算平台，应对大数据处理中的无限无序流数据、精确一次性处理、数据倾斜、多维分析等各项挑战，持续提升系统的高可用性、高延展性和可维护性。,"1.本科以上学历，5年以上工作经验，具有良好的抽象思维和代码能力；
2.熟悉Linux环境下的Java开发，熟悉JVM原理、Linux常用命令和Shell脚本编写；
3.熟悉分布式系统设计，对依赖解耦、缓存应用、负载均衡有一定经验，具有较好的系统设计能力；
4.具有数据库（MySQL/PostgreSQL等）和消息中间件（Kafka等）的开发和调优经验；
5.具有Flink/Spark/Hive或其他相关大数据框架的应用和调优经验；
6.有大型数据湖/仓建设、多维分析经验者优先录取；
7.通过腾讯云技术认证或同等资格认证的优先录取；
8.热爱学习，对技术怀有热情，具有良好的团队精神、责任感和沟通能力。"
混元大模型运营开发高级工程师（深圳/北京）,"1.负责机器学习平台大模型数据标注系统研发；
2.负责Web及APP数据补充能力建设；
3.参与大模型数据管理、数据加工体系的建设及运营；
4.参与大模型整体研发流程及运营系统建设。","1.熟悉Web编程，有业务运营系统研发经验；
2.精通Java/python/C/C++中一种以上编程语言，熟悉SQL编程；
3.3年以上工作经验，有较强的沟通能力，抗压能力强。"
AOE高级客户端开发,"1.负责游戏客户端研发；
2.产品需求的技术可行性评估，程序框架及技术方案的设计和实现；
3.协助美术/策划建立高效的游戏内容制作流程, 完善并持续优化工具链；
4.结合新的引擎技术持续对客户端性能进行优化。","1.计算机及相关专业本科及以上学历；
2.有3年以上unity3d的手游开发经验，熟练使用c#，c++，Lua等语言；
3.良好的逻辑思维和编程习惯，具备独立解决技术问题的能力；
4.持续的学习能力，自驱力强，具有良好的对内、对外沟通协调能力，具备团队合作精神；
5.能承受一定的工作压力，对游戏开发充满热情。"
搜狗输入法实时语音组组长,"1.智能语音技术指引、管理、中长期规划和迭代；
2.支撑输入法语音输入产品竞争力；
3.与工业界和学术界建立链接保持前沿水平；
4.语音算法团队管理工作。","1.硕士及以上学历，具备语音识别算法的专家级工作背景；
2.具备对智能语音进行技术指引和管理的能力，能够制定长期技术规划支撑语音技术的行业竞争力；
3.具备良好的沟通表达能力以及成熟的技术团队管理经验，具备强合作力和内外部链接能力。"
